Workbook

Sheet Config
A1: 銀行名稱 | B1: 分行/窗口 | C1: 聯絡人 | D1: 電話 | E1: Email | G1: 案件狀態清單 | H1: 案件類型清單
A2: 富邦 | B2: 北投 | C2: 陳先生 | D2: 0912-345-678 | E2: jerry@fubon.com | G2: 簽約 | H2: 一般買賣
A3: 富邦 | B3: 世貿 | C3: 王小姐 | D3: 02-2720-xxxx | E3: wang@fubon.com | G3: 用印 | H3: 房地合一
A4: 台新 | B4: 營業部 | C4: 黃小姐 | D4: 0925-286-705 | E4: christy@dbs.com | G4: 完稅 | H4: 繼承
A5: 台新 | B5: 維席 | C5: 張先生 | D5: 02-2389-xxxx | E5: jeff@taishin.com | G5: 過戶 | H5: 贈與
A6: 土銀 | B6: 民權 | C6: 李小姐 | D6: 2562-9801*208 | E6: 105959@landbank.com | G6: 交屋 | H6: 二胎代償
A7: 國泰 | B7: 館前 | C7: 黃小姐 | D7: 2311-0609 | E7: cathay@mail.com | G7: 結案
A8: 兆豐 | B8: 內科 | C8: 陶融 | D8: 02-8751-xxxx | E8: 010134@megabank.com | G8: 卡關(訴訟)
A9: 兆豐 | B9: 雙和 | C9: 林小姐 | D9: 02-2248-xxxx | E9: 009881@megabank.com | G9: 卡關(銀行)

Sheet 承辦進度
R1: 45952 | S1: 45959 | T1: 45966 | U1: 45973 | V1: 45980 | W1: 45987 | X1: 45994 | Y1: 46001 | Z1: 46008 | AA1: 46015 | AB1: 46022 | AC1: 46029 | AD1: 46036 | AE1: 46043 | AF1: 46050 | AG1: 46057 | AH1: 46064 | AI1: 46071 | AJ1: 46078 | AK1: 46085 | AL1: 46092 | AM1: 46099 | AN1: 46106 | AO1: 46113 | AP1: 46120 | AQ1: 46127 | AR1: 46134 | AS1: 46141 | AT1: 46148 | AU1: 46155
A2: 案件編號 | B2: 買方 | C2: 賣方 | D2: 案件類型 | E2: 目前狀態 | F2: 銀行名稱 | G2: 分行 | H2: 聯絡人 | I2: 電話/Email | J2: 簽約日 | K2: 預計完稅 | L2: 實際完稅 | M2: 預計過戶 | N2: 實際過戶 | O2: 預計交屋 | P2: 實際交屋 | Q2: 備註/待辦事項
A3: AA1148099 | B3: 柯遠東 | C3: 趙志龍 | D3: 二胎代償 | E3: 簽約 | F3: 富邦 | G3: =IFERROR(VLOOKUP(F3,Config!$A:$E,2,0),"") -> 北投 | H3: =IFERROR(VLOOKUP(F3,Config!$A:$E,3,0),"") -> 陳先生 | I3: =IFERROR(VLOOKUP(F3,Config!$A:$E,4,0)&CHAR(10)&VLOOKUP(F3,Config!$A:$E,5,0),"") -> 0912-345-678 jerry@fubon.com | J3: 45857 | K3: 45909 | M3: 45920 | O3: 45925 | Q3: 稅單好了，待塗銷二胎
G4: =IFERROR(VLOOKUP(F4,Config!$A:$E,2,0),"") | H4: =IFERROR(VLOOKUP(F4,Config!$A:$E,3,0),"") | I4: =IFERROR(VLOOKUP(F4,Config!$A:$E,4,0)&CHAR(10)&VLOOKUP(F4,Config!$A:$E,5,0),"")
G5: =IFERROR(VLOOKUP(F5,Config!$A:$E,2,0),"") | H5: =IFERROR(VLOOKUP(F5,Config!$A:$E,3,0),"") | I5: =IFERROR(VLOOKUP(F5,Config!$A:$E,4,0)&CHAR(10)&VLOOKUP(F5,Config!$A:$E,5,0),"")
G6: =IFERROR(VLOOKUP(F6,Config!$A:$E,2,0),"") | H6: =IFERROR(VLOOKUP(F6,Config!$A:$E,3,0),"") | I6: =IFERROR(VLOOKUP(F6,Config!$A:$E,4,0)&CHAR(10)&VLOOKUP(F6,Config!$A:$E,5,0),"")
G7: =IFERROR(VLOOKUP(F7,Config!$A:$E,2,0),"") | H7: =IFERROR(VLOOKUP(F7,Config!$A:$E,3,0),"") | I7: =IFERROR(VLOOKUP(F7,Config!$A:$E,4,0)&CHAR(10)&VLOOKUP(F7,Config!$A:$E,5,0),"")
G8: =IFERROR(VLOOKUP(F8,Config!$A:$E,2,0),"") | H8: =IFERROR(VLOOKUP(F8,Config!$A:$E,3,0),"") | I8: =IFERROR(VLOOKUP(F8,Config!$A:$E,4,0)&CHAR(10)&VLOOKUP(F8,Config!$A:$E,5,0),"")
G9: =IFERROR(VLOOKUP(F9,Config!$A:$E,2,0),"") | H9: =IFERROR(VLOOKUP(F9,Config!$A:$E,3,0),"") | I9: =IFERROR(VLOOKUP(F9,Config!$A:$E,4,0)&CHAR(10)&VLOOKUP(F9,Config!$A:$E,5,0),"")
G10: =IFERROR(VLOOKUP(F10,Config!$A:$E,2,0),"") | H10: =IFERROR(VLOOKUP(F10,Config!$A:$E,3,0),"") | I10: =IFERROR(VLOOKUP(F10,Config!$A:$E,4,0)&CHAR(10)&VLOOKUP(F10,Config!$A:$E,5,0),"")
G11: =IFERROR(VLOOKUP(F11,Config!$A:$E,2,0),"") | H11: =IFERROR(VLOOKUP(F11,Config!$A:$E,3,0),"") | I11: =IFERROR(VLOOKUP(F11,Config!$A:$E,4,0)&CHAR(10)&VLOOKUP(F11,Config!$A:$E,5,0),"")
G12: =IFERROR(VLOOKUP(F12,Config!$A:$E,2,0),"") | H12: =IFERROR(VLOOKUP(F12,Config!$A:$E,3,0),"") | I12: =IFERROR(VLOOKUP(F12,Config!$A:$E,4,0)&CHAR(10)&VLOOKUP(F12,Config!$A:$E,5,0),"")
G13: =IFERROR(VLOOKUP(F13,Config!$A:$E,2,0),"") | H13: =IFERROR(VLOOKUP(F13,Config!$A:$E,3,0),"") | I13: =IFERROR(VLOOKUP(F13,Config!$A:$E,4,0)&CHAR(10)&VLOOKUP(F13,Config!$A:$E,5,0),"")
G14: =IFERROR(VLOOKUP(F14,Config!$A:$E,2,0),"") | H14: =IFERROR(VLOOKUP(F14,Config!$A:$E,3,0),"") | I14: =IFERROR(VLOOKUP(F14,Config!$A:$E,4,0)&CHAR(10)&VLOOKUP(F14,Config!$A:$E,5,0),"")
G15: =IFERROR(VLOOKUP(F15,Config!$A:$E,2,0),"") | H15: =IFERROR(VLOOKUP(F15,Config!$A:$E,3,0),"") | I15: =IFERROR(VLOOKUP(F15,Config!$A:$E,4,0)&CHAR(10)&VLOOKUP(F15,Config!$A:$E,5,0),"")
... G100: =IFERROR(VLOOKUP(F100,Config!$A:$E,2,0),"") | H100: =IFERROR(VLOOKUP(F100,Config!$A:$E,3,0),"") | I100: =IFERROR(VLOOKUP(F100,Config!$A:$E,4,0)&CHAR(10)&VLOOKUP(F100,Config!$A:$E,5,0),"")
